{
  "project_info": {
    "project_number": "350984220931",
    "firebase_url": "https://miniproject-d642a.firebaseio.com",
    "project_id": "miniproject-d642a",
    "storage_bucket": "miniproject-d642a.appspot.com"
  },
  "client": [
    {
      "client_info": {
        "mobilesdk_app_id": "1:350984220931:android:ccc09c5f53411886837936",
        "android_client_info": {
          "package_name": "com.example.miniproject"
        }
      },
      "oauth_client": [
        {
          "client_id": "350984220931-32t4f85o7jeena9rg6uotkusuap3r821.apps.googleusercontent.com",
          "client_type": 1,
          "android_info": {
            "package_name": "com.example.miniproject",
            "certificate_hash": "3a8b9f3ff3b5a6432ea1bea4bf127aeb1ab984ea"
          }
        },
        {
          "client_id": "350984220931-sqt8vin6bm4etkslh2od1ps98jn6hglh.apps.googleusercontent.com",
          "client_type": 3
        }
      ],
      "api_key": [
        {
          "current_key": "AIzaSyCb3PKQ8XOLYOnS91pIlwr2D5o8Il5s4xM"
        }
      ],
      "services": {
        "appinvite_service": {
          "other_platform_oauth_client": [
            {
              "client_id": "350984220931-sqt8vin6bm4etkslh2od1ps98jn6hglh.apps.googleusercontent.com",
              "client_type": 3
            }
          ]
        }
      }
    }
  ],
  "configuration_version": "1"
}